Unit,Adaptive Treatment,Fraction Treated,Treatment Effect Function,Method,NMAE,NMAE Treated Only
State Name,True,0.05,additive,My Estimator,0.5181800223130265,0.3733929558425717
State Name,True,0.05,additive,MCNNM,0.0,0.2081222959482291
State Name,True,0.05,additive,LinearDML,0.8563314883422275,0.9037001609024611
State Name,True,0.05,additive,DML,0.6144840325425639,0.6054855748841251
State Name,True,0.05,additive,CausalForestDML,0.9525024914851203,0.5656844224893659
State Name,True,0.05,additive,DRLearner,7544.160666675008,29129.022138186767
State Name,True,0.05,additive,ForestDRLearner,1.5937523977960983,6.366660876939403
State Name,True,0.05,additive,XLearner,0.3952994766019312,0.45365657407922294
State Name,True,0.05,additive,Causal Forest (R),0.5394113002568527,0.4621736770372029
State Name,True,0.05,additive,My Estimator,0.4716479797875803,0.3022542934681089
State Name,True,0.05,additive,MCNNM,0.0,0.1644487226031681
State Name,True,0.05,additive,LinearDML,0.6071481272688174,0.3737160860303782
State Name,True,0.05,additive,DML,0.3722239842440592,0.49244014109441564
State Name,True,0.05,additive,CausalForestDML,0.4855392085687262,0.28130263926857313
State Name,True,0.05,additive,DRLearner,1.7859529453137373,4.666018877994535
State Name,True,0.05,additive,ForestDRLearner,3.382149230717942,16.576404455159448
State Name,True,0.05,additive,XLearner,0.42721433567346967,0.39424689125882334
State Name,True,0.05,additive,Causal Forest (R),0.4805775704561874,0.3704170936255621
State Name,True,0.05,additive,My Estimator,0.5368546698268915,0.3815656892239918
State Name,True,0.05,additive,MCNNM,0.0,0.2032717242874766
State Name,True,0.05,additive,LinearDML,0.44638627917790225,0.4672151002998984
State Name,True,0.05,additive,DML,0.6152868002243631,0.6154943215161401
State Name,True,0.05,additive,CausalForestDML,0.9124313726325151,0.30401440690221365
State Name,True,0.05,additive,DRLearner,1.308384404713885,4.340065681766804
State Name,True,0.05,additive,ForestDRLearner,3.6242001458322237,20.91205224883964
State Name,True,0.05,additive,XLearner,0.4585539211194266,0.4500833000483259
State Name,True,0.05,additive,Causal Forest (R),0.5398730200921632,0.4607489981323387
State Name,True,0.05,additive,My Estimator,0.5107963030143912,0.340802151167048
State Name,True,0.05,additive,MCNNM,0.0,0.19728698731524738
State Name,True,0.05,additive,LinearDML,1.3427931220528255,0.8668642810879332
State Name,True,0.05,additive,DML,1.0,1.0
State Name,True,0.05,additive,CausalForestDML,0.6250160175514278,0.3238425761450188
State Name,True,0.05,additive,DRLearner,6588.406784987194,24076.470129758338
State Name,True,0.05,additive,ForestDRLearner,1.5927497061767717,7.454033041972635
State Name,True,0.05,additive,XLearner,0.39943433902958714,0.41063780073909356
State Name,True,0.05,additive,Causal Forest (R),0.5305131894747881,0.4367390554674502
State Name,False,0.05,additive,My Estimator,0.6234450501925002,0.06766051579502919
State Name,False,0.05,additive,MCNNM,0.0,0.25691882717067116
State Name,False,0.05,additive,LinearDML,4.30379449157453,0.47239630504299385
State Name,False,0.05,additive,DML,0.14506671100630728,0.22700602003062986
State Name,False,0.05,additive,CausalForestDML,0.935368349653949,0.21880937656670127
State Name,False,0.05,additive,DRLearner,6062.11230765972,6242.862406465335
State Name,False,0.05,additive,ForestDRLearner,590.589836551841,657.5884495111657
State Name,False,0.05,additive,XLearner,1.9896389735618099,0.3297512023845051
State Name,False,0.05,additive,Causal Forest (R),0.9030933991239614,0.304685804584551
State Name,False,0.05,additive,My Estimator,0.5404793200797253,0.2375135113414524
State Name,False,0.05,additive,MCNNM,0.0,0.2916311803919607
State Name,False,0.05,additive,LinearDML,5.723303442716071,0.44194649154849086
State Name,False,0.05,additive,DML,0.5857969105869376,0.4781497676286869
State Name,False,0.05,additive,CausalForestDML,4.365816030297822,0.33117662129137476
State Name,False,0.05,additive,DRLearner,0.9217785045514837,0.7712142088237194
State Name,False,0.05,additive,ForestDRLearner,3838.9315648443867,12026.60448831151
State Name,False,0.05,additive,XLearner,0.4463461755163847,0.18837540557173088
State Name,False,0.05,additive,Causal Forest (R),1.6513467504267505,0.29176789442989565
State Name,False,0.05,additive,My Estimator,0.6598248842738104,0.3588148027801214
State Name,False,0.05,additive,MCNNM,0.0,0.15079262105471455
State Name,False,0.05,additive,LinearDML,2.505123164326953,0.36618445051825876
State Name,False,0.05,additive,DML,0.21910321423577866,0.1686751835915758
State Name,False,0.05,additive,CausalForestDML,7.267652183210805,0.4220207030779804
State Name,False,0.05,additive,DRLearner,0.9471035195606606,0.5627018218487326
State Name,False,0.05,additive,ForestDRLearner,42.68016962026846,353.32897132451694
State Name,False,0.05,additive,XLearner,0.6033493645047413,0.49036709159331954
State Name,False,0.05,additive,Causal Forest (R),0.6309677842317202,0.38357217961913975
State Name,False,0.05,additive,My Estimator,0.4543069248058509,0.08425062370301355
State Name,False,0.05,additive,MCNNM,0.0,0.185667729055406
State Name,False,0.05,additive,LinearDML,4.123308182269229,0.6850337968959785
State Name,False,0.05,additive,DML,0.4090424945074506,0.17152660654791302
State Name,False,0.05,additive,CausalForestDML,13.973659734237126,0.34364898700774715
State Name,False,0.05,additive,DRLearner,297.4105476507581,592.0133128637532
State Name,False,0.05,additive,ForestDRLearner,1.43068841217413,7.590188952133902
State Name,False,0.05,additive,XLearner,0.34497439560488186,0.31525120566709314
State Name,False,0.05,additive,Causal Forest (R),0.5019087752226682,0.2260382960831541
State Name,True,0.05,multiplicative,My Estimator,0.10603834230210156,0.08905363890844997
State Name,True,0.05,multiplicative,MCNNM,0.0,0.06447143581790672
State Name,True,0.05,multiplicative,LinearDML,0.7295788177507804,0.26776245530808884
State Name,True,0.05,multiplicative,DML,0.41111595218231006,0.25506004763340684
State Name,True,0.05,multiplicative,CausalForestDML,1.259466464833954,0.16200158353564867
State Name,True,0.05,multiplicative,DRLearner,74.85252348626086,89.4329726037106
State Name,True,0.05,multiplicative,ForestDRLearner,7.515090950523841,15.456363931241382
State Name,True,0.05,multiplicative,XLearner,0.637573095695242,0.16266226189400007
State Name,True,0.05,multiplicative,Causal Forest (R),0.2669723444616893,0.141692565094752
State Name,True,0.05,multiplicative,My Estimator,0.10603834230210156,0.08905363890844997
State Name,True,0.05,multiplicative,MCNNM,0.0,0.06447143581790672
State Name,True,0.05,multiplicative,LinearDML,1.1678761851692128,0.2554267588065571
State Name,True,0.05,multiplicative,DML,0.5625009921037979,0.3624004159083093
State Name,True,0.05,multiplicative,CausalForestDML,0.29969421841618005,0.16146954779574219
State Name,True,0.05,multiplicative,DRLearner,2467.434280498421,2951.4028246402036
State Name,True,0.05,multiplicative,ForestDRLearner,1.6342089292641016,3.8910716812033805
State Name,True,0.05,multiplicative,XLearner,0.5795471163597606,0.15101403037226666
State Name,True,0.05,multiplicative,Causal Forest (R),0.2505548105838622,0.12887571243348378
State Name,True,0.05,multiplicative,My Estimator,0.5372699568044592,0.38280075362656596
State Name,True,0.05,multiplicative,MCNNM,0.0,0.20322073965285375
State Name,True,0.05,multiplicative,LinearDML,1.6511543700922284,1.048987006634994
State Name,True,0.05,multiplicative,DML,0.2785321031432555,0.30880547440106176
State Name,True,0.05,multiplicative,CausalForestDML,0.624023434080162,0.27713211934612986
State Name,True,0.05,multiplicative,DRLearner,5380.210973436438,12916.220775061256
State Name,True,0.05,multiplicative,ForestDRLearner,2.2392754900664773,11.769102637302282
State Name,True,0.05,multiplicative,XLearner,0.4336385970660389,0.4553480448747103
State Name,True,0.05,multiplicative,Causal Forest (R),0.5291220116855301,0.458601731644444
State Name,True,0.05,multiplicative,My Estimator,0.07818311767992368,0.06967769615091478
State Name,True,0.05,multiplicative,MCNNM,0.0,0.06492521943600911
State Name,True,0.05,multiplicative,LinearDML,0.6389619554566286,0.2811051923617804
State Name,True,0.05,multiplicative,DML,0.7425512503077447,0.3386107314593626
State Name,True,0.05,multiplicative,CausalForestDML,1.3868654904164417,0.15287265278178117
State Name,True,0.05,multiplicative,DRLearner,1.9835156143765567,2.5574488127544783
State Name,True,0.05,multiplicative,ForestDRLearner,1.5928898070633983,5.301804817527066
State Name,True,0.05,multiplicative,XLearner,0.5947517626273201,0.1517304630727933
State Name,True,0.05,multiplicative,Causal Forest (R),0.26000821601440727,0.12066995169297991
State Name,False,0.05,multiplicative,My Estimator,1.124984576181994,0.10716748414520637
State Name,False,0.05,multiplicative,MCNNM,0.0,0.13972078528742352
State Name,False,0.05,multiplicative,LinearDML,1.964513667027896,0.7479393156183147
State Name,False,0.05,multiplicative,DML,0.5938948651140853,0.31865611844611846
State Name,False,0.05,multiplicative,CausalForestDML,5.2795525850188625,0.6222729000685896
State Name,False,0.05,multiplicative,DRLearner,0.8347490218856958,0.19425729197962155
State Name,False,0.05,multiplicative,ForestDRLearner,18.098779308064568,87.25916701249555
State Name,False,0.05,multiplicative,XLearner,0.5885583295821862,0.396985029590706
State Name,False,0.05,multiplicative,Causal Forest (R),0.5965476798955335,0.5591836556635227
State Name,False,0.05,multiplicative,My Estimator,0.6972320519154387,0.43295320021762507
State Name,False,0.05,multiplicative,MCNNM,0.0,0.27761503900873047
State Name,False,0.05,multiplicative,LinearDML,3.2964735893536985,0.5727260886278461
State Name,False,0.05,multiplicative,DML,0.5759512396192499,0.5830475615478038
State Name,False,0.05,multiplicative,CausalForestDML,3.399050190545569,0.4694263620453714
State Name,False,0.05,multiplicative,DRLearner,0.9581801456351828,0.6869561612344921
State Name,False,0.05,multiplicative,ForestDRLearner,4.570971551632922,45.29982318380671
State Name,False,0.05,multiplicative,XLearner,0.46219957045750804,0.40255717772596783
State Name,False,0.05,multiplicative,Causal Forest (R),0.5994866771215227,0.38972084167910503
State Name,False,0.05,multiplicative,My Estimator,0.3420180993235971,0.22316934094903798
State Name,False,0.05,multiplicative,MCNNM,0.0,0.07871618424315517
State Name,False,0.05,multiplicative,LinearDML,4.415097662580098,0.6632767153341372
State Name,False,0.05,multiplicative,DML,0.6525596288181388,0.6413818165054492
State Name,False,0.05,multiplicative,CausalForestDML,0.5758752334301802,0.42310539149998344
State Name,False,0.05,multiplicative,DRLearner,864.1730476552916,1187.6907494513368
State Name,False,0.05,multiplicative,ForestDRLearner,25.171982305783658,151.86820823984718
State Name,False,0.05,multiplicative,XLearner,0.2474556711329939,0.167950251614077
State Name,False,0.05,multiplicative,Causal Forest (R),0.41132167264092856,0.21569701305054234
State Name,False,0.05,multiplicative,My Estimator,0.3702047462626503,0.24626515476239574
State Name,False,0.05,multiplicative,MCNNM,0.0,0.08794371559595089
State Name,False,0.05,multiplicative,LinearDML,3.850494736924093,0.6494734347646544
State Name,False,0.05,multiplicative,DML,0.6834299211101366,0.6531099155697315
State Name,False,0.05,multiplicative,CausalForestDML,3.883588135267608,0.7421676239728664
State Name,False,0.05,multiplicative,DRLearner,270.7980875997231,447.1250755759996
State Name,False,0.05,multiplicative,ForestDRLearner,0.5122655184674886,2.05122730401943
State Name,False,0.05,multiplicative,XLearner,0.47383954911691906,0.2539780902918709
State Name,False,0.05,multiplicative,Causal Forest (R),0.36680497749008545,0.19731025178908654
State Name,True,0.1,additive,My Estimator,0.0702157611178525,0.06259999231672796
State Name,True,0.1,additive,MCNNM,0.0,0.06997362269697006
State Name,True,0.1,additive,LinearDML,0.34758429146642333,0.12076893634136143
State Name,True,0.1,additive,DML,0.7976447141467125,0.5005059248437521
State Name,True,0.1,additive,CausalForestDML,0.19455487935103646,0.16506230377797296
State Name,True,0.1,additive,DRLearner,5571.21743544437,6049.701444717482
State Name,True,0.1,additive,ForestDRLearner,0.8727462336390974,1.3183317698925046
State Name,True,0.1,additive,XLearner,0.3519864006569521,0.165649800278396
State Name,True,0.1,additive,Causal Forest (R),0.11877604095224704,0.07930322073567617
State Name,True,0.1,additive,My Estimator,0.07000591236705082,0.07771597071690853
State Name,True,0.1,additive,MCNNM,0.0,0.07328447677121554
State Name,True,0.1,additive,LinearDML,1.2766770317640141,0.3303095141539204
State Name,True,0.1,additive,DML,0.8082224637693814,0.39698923195653574
State Name,True,0.1,additive,CausalForestDML,0.21431978599061036,0.1674960680950073
State Name,True,0.1,additive,DRLearner,0.8323614224549015,0.9627723819183434
State Name,True,0.1,additive,ForestDRLearner,2.355265634348587,5.3004771814858085
State Name,True,0.1,additive,XLearner,0.22019376985666894,0.16515223855748387
State Name,True,0.1,additive,Causal Forest (R),0.1029943902625833,0.09359571332484361
State Name,True,0.1,additive,My Estimator,0.6342251742725359,0.5362873738406545
State Name,True,0.1,additive,MCNNM,0.0,0.18829096549084115
State Name,True,0.1,additive,LinearDML,0.23794975832084567,0.20518246232048756
State Name,True,0.1,additive,DML,0.4963100396067301,0.39068388902238554
State Name,True,0.1,additive,CausalForestDML,0.3804551196349699,0.2923094251965318
State Name,True,0.1,additive,DRLearner,1.0480175604552497,2.329675649517926
State Name,True,0.1,additive,ForestDRLearner,2.011381815368662,8.695588218121781
State Name,True,0.1,additive,XLearner,0.32183318291698004,0.46661269048407145
State Name,True,0.1,additive,Causal Forest (R),0.601828624202269,0.4919346449725989
State Name,True,0.1,additive,My Estimator,0.5736708560297699,0.34423330918597356
State Name,True,0.1,additive,MCNNM,0.0,0.2102059954744525
State Name,True,0.1,additive,LinearDML,0.45866679572902236,0.4303292277919633
State Name,True,0.1,additive,DML,0.20837311309123394,0.21629209941219438
State Name,True,0.1,additive,CausalForestDML,3.0264629360253683,0.41261933871647494
State Name,True,0.1,additive,DRLearner,87.64283123517313,311.90333377574797
State Name,True,0.1,additive,ForestDRLearner,0.947383839909878,2.8551503812246852
State Name,True,0.1,additive,XLearner,0.4307090409691359,0.4474800038931236
State Name,True,0.1,additive,Causal Forest (R),0.5179894735013563,0.3617652631314751
State Name,False,0.1,additive,My Estimator,0.5804286885222192,0.4490025663029781
State Name,False,0.1,additive,MCNNM,0.0,0.18192201741484104
State Name,False,0.1,additive,LinearDML,1.3601076710886189,0.6254143600418092
State Name,False,0.1,additive,DML,0.32149965299048955,0.25486338104359324
State Name,False,0.1,additive,CausalForestDML,1.1102928288991136,0.6499109271298795
State Name,False,0.1,additive,DRLearner,6403.898098620563,3792.7023969857587
State Name,False,0.1,additive,ForestDRLearner,0.905950062882645,1.0656760250397315
State Name,False,0.1,additive,XLearner,0.5065459205880756,0.18144927425702445
State Name,False,0.1,additive,Causal Forest (R),0.4494686767067243,0.46445274413801707
State Name,False,0.1,additive,My Estimator,0.6940253907666163,0.6999151684491225
State Name,False,0.1,additive,MCNNM,0.0,0.14628321599195396
State Name,False,0.1,additive,LinearDML,1.1356258668901216,0.6683900458448208
State Name,False,0.1,additive,DML,0.429415840477905,0.4418716965487606
State Name,False,0.1,additive,CausalForestDML,0.4705288382343745,0.4190187726214806
State Name,False,0.1,additive,DRLearner,1151.144548156259,902.0973585246287
State Name,False,0.1,additive,ForestDRLearner,0.8525252664350623,1.8358846507934328
State Name,False,0.1,additive,XLearner,0.3242560628319818,0.19069939311377693
State Name,False,0.1,additive,Causal Forest (R),0.49624810211246523,0.4422818460158321
State Name,False,0.1,additive,My Estimator,0.10872452198707404,0.08069173728064458
State Name,False,0.1,additive,MCNNM,0.0,0.0758905056625698
State Name,False,0.1,additive,LinearDML,1.2855569839946,0.2610096860946256
State Name,False,0.1,additive,DML,0.5238236530132488,0.420639704132347
State Name,False,0.1,additive,CausalForestDML,32.668354157538445,0.21366057198542615
State Name,False,0.1,additive,DRLearner,1663.1318296687539,1890.4355288243669
State Name,False,0.1,additive,ForestDRLearner,6.238425969285323,21.871173554353025
State Name,False,0.1,additive,XLearner,0.14911521679605266,0.17456573493075503
State Name,False,0.1,additive,Causal Forest (R),0.23665372830789402,0.16621260121965944
State Name,False,0.1,additive,My Estimator,0.5606428614948519,0.3869321961028081
State Name,False,0.1,additive,MCNNM,0.0,0.3319165395308202
State Name,False,0.1,additive,LinearDML,1.9960747434948618,0.7867840771683391
State Name,False,0.1,additive,DML,0.22909769868185634,0.2640280945323811
State Name,False,0.1,additive,CausalForestDML,0.38726156784756616,0.2559258929282427
State Name,False,0.1,additive,DRLearner,6821.9901832308715,5671.085855613706
State Name,False,0.1,additive,ForestDRLearner,1.9726843790962048,6.707463297996959
State Name,False,0.1,additive,XLearner,0.3645460360526814,0.3030466503989454
State Name,False,0.1,additive,Causal Forest (R),0.4783413690384024,0.2653788462517843
State Name,True,0.1,multiplicative,My Estimator,0.4590818960232477,0.2017810601026113
State Name,True,0.1,multiplicative,MCNNM,0.0,0.22119790498256758
State Name,True,0.1,multiplicative,LinearDML,0.6478012511468083,0.47123873694042684
State Name,True,0.1,multiplicative,DML,0.09272748597764567,0.15678034432541094
State Name,True,0.1,multiplicative,CausalForestDML,0.6667563395652932,0.3945044969612703
State Name,True,0.1,multiplicative,DRLearner,3.5073388062694995,13.417952096068545
State Name,True,0.1,multiplicative,ForestDRLearner,1.0932005079669325,4.121752656663614
State Name,True,0.1,multiplicative,XLearner,0.34878839755199587,0.3921077119769781
State Name,True,0.1,multiplicative,Causal Forest (R),0.5175610905625845,0.37086279710021014
State Name,True,0.1,multiplicative,My Estimator,0.1006601569911103,0.08847451265497093
State Name,True,0.1,multiplicative,MCNNM,0.0,0.06902460020815085
State Name,True,0.1,multiplicative,LinearDML,1.0709730213641884,0.3284837900233063
State Name,True,0.1,multiplicative,DML,0.5941113018253279,0.3148792741507795
State Name,True,0.1,multiplicative,CausalForestDML,0.23499212059342373,0.17525013236801604
State Name,True,0.1,multiplicative,DRLearner,0.6736179324262298,0.7759146522553384
State Name,True,0.1,multiplicative,ForestDRLearner,0.6451729685127966,1.0604587563920513
State Name,True,0.1,multiplicative,XLearner,0.45833546295592636,0.1594130282715139
State Name,True,0.1,multiplicative,Causal Forest (R),0.13554870342277348,0.09080338312039397
State Name,True,0.1,multiplicative,My Estimator,0.5081899562714798,0.23870147231028202
State Name,True,0.1,multiplicative,MCNNM,0.0,0.2109144711570987
State Name,True,0.1,multiplicative,LinearDML,0.7847762409400159,0.5996205779784483
State Name,True,0.1,multiplicative,DML,0.31167755083909127,0.3123426862664075
State Name,True,0.1,multiplicative,CausalForestDML,0.6218808861941105,0.2031894828014732
State Name,True,0.1,multiplicative,DRLearner,4402.290308322519,11100.174783248445
State Name,True,0.1,multiplicative,ForestDRLearner,3.124539326605942,12.716373710171753
State Name,True,0.1,multiplicative,XLearner,0.40646186702276965,0.4479095392524603
State Name,True,0.1,multiplicative,Causal Forest (R),0.534217079711043,0.3830238569698824
State Name,True,0.1,multiplicative,My Estimator,0.07346119025941177,0.08126615119471597
State Name,True,0.1,multiplicative,MCNNM,0.0,0.07287075867293136
State Name,True,0.1,multiplicative,LinearDML,0.8589379986534851,0.3186367258417858
State Name,True,0.1,multiplicative,DML,0.2713934909004619,0.2159240685781768
State Name,True,0.1,multiplicative,CausalForestDML,0.3254566823634534,0.160392265434952
State Name,True,0.1,multiplicative,DRLearner,58.4321093786943,72.24153345465317
State Name,True,0.1,multiplicative,ForestDRLearner,2.55029973826231,5.011487388417149
State Name,True,0.1,multiplicative,XLearner,0.21778955308083278,0.15887992457763844
State Name,True,0.1,multiplicative,Causal Forest (R),0.11255738673390231,0.09404460287925373
State Name,False,0.1,multiplicative,My Estimator,0.6752479344242477,0.22865560805816765
State Name,False,0.1,multiplicative,MCNNM,0.0,0.14296876557795013
State Name,False,0.1,multiplicative,LinearDML,1.246888187725677,0.5647821451374377
State Name,False,0.1,multiplicative,DML,0.3002143208162861,0.2964027667553073
State Name,False,0.1,multiplicative,CausalForestDML,5.136814179377191,0.23813758678963032
State Name,False,0.1,multiplicative,DRLearner,2682.16075841954,2371.0931957619537
State Name,False,0.1,multiplicative,ForestDRLearner,40.94855885992089,113.03546003427643
State Name,False,0.1,multiplicative,XLearner,0.5101235506717205,0.2997472346612855
State Name,False,0.1,multiplicative,Causal Forest (R),0.5750080230177235,0.21038213304754175
State Name,False,0.1,multiplicative,My Estimator,0.19289374298447406,0.15502912078498932
State Name,False,0.1,multiplicative,MCNNM,0.0,0.1367281226448196
State Name,False,0.1,multiplicative,LinearDML,3.2224482693185448,0.41134599514099945
State Name,False,0.1,multiplicative,DML,0.8481818152898543,0.5271044816584239
State Name,False,0.1,multiplicative,CausalForestDML,2.6954344395637833,0.1565385766289803
State Name,False,0.1,multiplicative,DRLearner,0.5020998885192308,0.26864804314475577
State Name,False,0.1,multiplicative,ForestDRLearner,2.1714097264710746,5.22569970870707
State Name,False,0.1,multiplicative,XLearner,0.34175631748680274,0.3485517763901245
State Name,False,0.1,multiplicative,Causal Forest (R),0.10293495343791538,0.10143992652733348
State Name,False,0.1,multiplicative,My Estimator,0.6823407941812889,0.21615797097518394
State Name,False,0.1,multiplicative,MCNNM,0.0,0.23237267869087466
State Name,False,0.1,multiplicative,LinearDML,0.9022219627011893,0.49516621761531143
State Name,False,0.1,multiplicative,DML,0.5243041546104493,0.5612855314287974
State Name,False,0.1,multiplicative,CausalForestDML,0.7482900679251564,0.7199426670444843
State Name,False,0.1,multiplicative,DRLearner,0.9157014403712984,0.8470886637308637
State Name,False,0.1,multiplicative,ForestDRLearner,1.2630867911274342,1.7208733594158987
State Name,False,0.1,multiplicative,XLearner,0.6454323069749178,0.13448907465316895
State Name,False,0.1,multiplicative,Causal Forest (R),0.5487307943455296,0.45442693320348876
State Name,False,0.1,multiplicative,My Estimator,0.4259021399783985,0.10938752839329392
State Name,False,0.1,multiplicative,MCNNM,0.0,0.1561236370385561
State Name,False,0.1,multiplicative,LinearDML,2.590810809896695,1.1798184556713789
State Name,False,0.1,multiplicative,DML,0.4704138059644419,0.50378601025978
State Name,False,0.1,multiplicative,CausalForestDML,1.9916725074639523,0.3787686210459554
State Name,False,0.1,multiplicative,DRLearner,0.9326261846034812,0.7761318355684997
State Name,False,0.1,multiplicative,ForestDRLearner,0.7215555256180795,1.3131496482797453
State Name,False,0.1,multiplicative,XLearner,0.4700540678823281,0.34239878262042694
State Name,False,0.1,multiplicative,Causal Forest (R),0.5451741459167894,0.2025300302036662
State Name,True,0.25,additive,My Estimator,0.27982150396565636,0.24091126751811304
State Name,True,0.25,additive,MCNNM,0.0,0.1608828399766556
State Name,True,0.25,additive,LinearDML,0.22072273421281194,0.25004100366885323
State Name,True,0.25,additive,DML,0.14554878456711312,0.17644171911555032
State Name,True,0.25,additive,CausalForestDML,0.233083474197656,0.19795895198327734
State Name,True,0.25,additive,DRLearner,14.30493814658726,19.95495734655674
State Name,True,0.25,additive,ForestDRLearner,0.282362929410601,0.526533051839452
State Name,True,0.25,additive,XLearner,0.21613612239526608,0.22530770157162527
State Name,True,0.25,additive,Causal Forest (R),0.275490371797037,0.2800891173893382
State Name,True,0.25,additive,My Estimator,0.06429585735106552,0.0624785646749953
State Name,True,0.25,additive,MCNNM,0.0,0.08836745010351969
State Name,True,0.25,additive,LinearDML,0.24547017788494158,0.16781199457080098
State Name,True,0.25,additive,DML,0.3019469170742944,0.31135702030912904
State Name,True,0.25,additive,CausalForestDML,0.17898403052902268,0.1497860906683222
State Name,True,0.25,additive,DRLearner,427.3737851544718,296.4807283270834
State Name,True,0.25,additive,ForestDRLearner,0.995442495217032,0.7972497715877839
State Name,True,0.25,additive,XLearner,0.16898651667064227,0.14207435848432487
State Name,True,0.25,additive,Causal Forest (R),0.07983695926892549,0.0952185825373387
State Name,True,0.25,additive,My Estimator,0.29481907160674553,0.25763688199932344
State Name,True,0.25,additive,MCNNM,0.0,0.17099855977205103
State Name,True,0.25,additive,LinearDML,0.1800359711206718,0.20841470013009697
State Name,True,0.25,additive,DML,0.12137202892486619,0.11313490945824603
State Name,True,0.25,additive,CausalForestDML,0.25818998663402976,0.24231910567523318
State Name,True,0.25,additive,DRLearner,1608.5049785766298,2592.237398060368
State Name,True,0.25,additive,ForestDRLearner,0.5155767973573734,0.8947459365907958
State Name,True,0.25,additive,XLearner,0.22507939148114248,0.25111261173301896
State Name,True,0.25,additive,Causal Forest (R),0.27051557274942906,0.28642513512869183
State Name,True,0.25,additive,My Estimator,0.26796547160903383,0.20624825795789442
State Name,True,0.25,additive,MCNNM,0.0,0.20713665964142255
State Name,True,0.25,additive,LinearDML,0.1906909512585996,0.2811240106708977
State Name,True,0.25,additive,DML,0.24363381027371167,0.2376616314231876
State Name,True,0.25,additive,CausalForestDML,0.24484683363714912,0.287293572351619
State Name,True,0.25,additive,DRLearner,50.703672458378094,99.7669280861326
State Name,True,0.25,additive,ForestDRLearner,0.9248727324365219,1.7064331441412846
State Name,True,0.25,additive,XLearner,0.20898895540774215,0.30761864439063996
State Name,True,0.25,additive,Causal Forest (R),0.4657115415532846,0.4579972035254301
State Name,False,0.25,additive,My Estimator,0.42737213160878595,0.2692641387686114
State Name,False,0.25,additive,MCNNM,0.0,0.39879247877542473
State Name,False,0.25,additive,LinearDML,0.5582820803499868,0.6046256217156244
State Name,False,0.25,additive,DML,0.1274055420677792,0.10798008993827483
State Name,False,0.25,additive,CausalForestDML,0.4731920035653547,0.4700064377031614
State Name,False,0.25,additive,DRLearner,7497.5246271101605,10328.28846250897
State Name,False,0.25,additive,ForestDRLearner,0.7715939808269184,0.8578802341096875
State Name,False,0.25,additive,XLearner,0.3011560157170591,0.5551539831452877
State Name,False,0.25,additive,Causal Forest (R),0.3726193360409268,0.282467445895785
State Name,False,0.25,additive,My Estimator,0.39104673964276804,0.24756712111564083
State Name,False,0.25,additive,MCNNM,0.0,0.1973583444318462
State Name,False,0.25,additive,LinearDML,0.494855392251361,0.45388270883222354
State Name,False,0.25,additive,DML,0.12570108451197148,0.15275514910744215
State Name,False,0.25,additive,CausalForestDML,0.3486815576850707,0.28963272021102854
State Name,False,0.25,additive,DRLearner,0.7553858517456505,0.7138242869652006
State Name,False,0.25,additive,ForestDRLearner,0.8164338604262157,1.7003489328135788
State Name,False,0.25,additive,XLearner,0.3381098559501848,0.22341839029377858
State Name,False,0.25,additive,Causal Forest (R),0.39576222907279174,0.20966891821746278
State Name,False,0.25,additive,My Estimator,0.04926368937917436,0.05699086115925784
State Name,False,0.25,additive,MCNNM,0.0,0.31670925456137383
State Name,False,0.25,additive,LinearDML,0.7890268132502632,0.45499031472703033
State Name,False,0.25,additive,DML,0.4727922674012049,0.35378541310348804
State Name,False,0.25,additive,CausalForestDML,0.2432537442306513,0.2785599392913378
State Name,False,0.25,additive,DRLearner,0.5838535743487704,0.44209092267424527
State Name,False,0.25,additive,ForestDRLearner,0.5299382401910631,0.8933477496453582
State Name,False,0.25,additive,XLearner,0.22135149811584046,0.3148657543022578
State Name,False,0.25,additive,Causal Forest (R),0.19226454390440742,0.23033718430698075
State Name,False,0.25,additive,My Estimator,0.6331573531433043,0.21749179579419833
State Name,False,0.25,additive,MCNNM,0.0,0.1648314893546771
State Name,False,0.25,additive,LinearDML,1.5260450793736973,0.3511361098711922
State Name,False,0.25,additive,DML,0.5212401954505378,0.5226082478180275
State Name,False,0.25,additive,CausalForestDML,0.5222418062750734,0.4589779505934826
State Name,False,0.25,additive,DRLearner,0.7641621139932984,0.687277990531843
State Name,False,0.25,additive,ForestDRLearner,0.6741212574593198,1.1112612686044754
State Name,False,0.25,additive,XLearner,0.4357327357410079,0.12523260132477798
State Name,False,0.25,additive,Causal Forest (R),0.5724912919346522,0.4508814400425466
State Name,True,0.25,multiplicative,My Estimator,0.48195135098305525,0.424144600984992
State Name,True,0.25,multiplicative,MCNNM,0.0,0.1682131877907431
State Name,True,0.25,multiplicative,LinearDML,0.30370205536971645,0.3125151036648572
State Name,True,0.25,multiplicative,DML,0.36421529009204234,0.4647044670398647
State Name,True,0.25,multiplicative,CausalForestDML,0.44448659980072963,0.36293350836599964
State Name,True,0.25,multiplicative,DRLearner,4.522266095024011,9.402943057732351
State Name,True,0.25,multiplicative,ForestDRLearner,0.9913240022631182,1.4711957869967924
State Name,True,0.25,multiplicative,XLearner,0.3345259000845088,0.3065667495552935
State Name,True,0.25,multiplicative,Causal Forest (R),0.5633169655355651,0.5645941337636733
State Name,True,0.25,multiplicative,My Estimator,0.48195135098305525,0.424144600984992
State Name,True,0.25,multiplicative,MCNNM,0.0,0.1682131877907431
State Name,True,0.25,multiplicative,LinearDML,0.29630902232375644,0.29669247877357496
State Name,True,0.25,multiplicative,DML,0.5258830507133159,0.6355133188440648
State Name,True,0.25,multiplicative,CausalForestDML,0.36103112569170037,0.27827220123529844
State Name,True,0.25,multiplicative,DRLearner,415.61346737572796,659.8966812448523
State Name,True,0.25,multiplicative,ForestDRLearner,1.1222778459055576,2.902901471134994
State Name,True,0.25,multiplicative,XLearner,0.33259792802989974,0.33015673326261774
State Name,True,0.25,multiplicative,Causal Forest (R),0.5589752658288334,0.5600040771064064
State Name,True,0.25,multiplicative,My Estimator,0.4515658784937466,0.3831422843955086
State Name,True,0.25,multiplicative,MCNNM,0.0,0.1485350237576826
State Name,True,0.25,multiplicative,LinearDML,0.31671475423521916,0.26698005530077473
State Name,True,0.25,multiplicative,DML,0.2683500415538961,0.2293378981014085
State Name,True,0.25,multiplicative,CausalForestDML,0.454669441137422,0.23314299582004233
State Name,True,0.25,multiplicative,DRLearner,42.10189109812543,56.6379119049264
State Name,True,0.25,multiplicative,ForestDRLearner,0.7331938513429048,1.23743337600908
State Name,True,0.25,multiplicative,XLearner,0.31454134766911646,0.23062594164321096
State Name,True,0.25,multiplicative,Causal Forest (R),0.4354855410203921,0.45987415890989064
State Name,True,0.25,multiplicative,My Estimator,0.2944128886485987,0.2596547933846692
State Name,True,0.25,multiplicative,MCNNM,0.0,0.17148224584244726
State Name,True,0.25,multiplicative,LinearDML,0.5289952166594083,0.45471325815851404
State Name,True,0.25,multiplicative,DML,0.2382656644348737,0.31481457995648704
State Name,True,0.25,multiplicative,CausalForestDML,0.31133194930606584,0.24318265404997033
State Name,True,0.25,multiplicative,DRLearner,69.47982045859088,112.27452761752429
State Name,True,0.25,multiplicative,ForestDRLearner,0.838268266101785,1.460521755926385
State Name,True,0.25,multiplicative,XLearner,0.25285697481849956,0.24073806589029031
State Name,True,0.25,multiplicative,Causal Forest (R),0.2845702636851914,0.2967462136703711
State Name,False,0.25,multiplicative,My Estimator,0.9488968342335707,0.2837876913953639
State Name,False,0.25,multiplicative,MCNNM,0.0,0.3333918732775019
State Name,False,0.25,multiplicative,LinearDML,1.21914650327356,0.5681687699640143
State Name,False,0.25,multiplicative,DML,0.4776343210380618,0.3610933546453814
State Name,False,0.25,multiplicative,CausalForestDML,0.474584149460682,0.512009519446022
State Name,False,0.25,multiplicative,DRLearner,1.4720192160275196,0.9758972032878452
State Name,False,0.25,multiplicative,ForestDRLearner,4.072249518392851,6.446128898179673
State Name,False,0.25,multiplicative,XLearner,0.4046394848733481,0.27446497119276836
State Name,False,0.25,multiplicative,Causal Forest (R),0.641405207314799,0.7636183793008118
State Name,False,0.25,multiplicative,My Estimator,0.40960409977726014,0.24139553419397805
State Name,False,0.25,multiplicative,MCNNM,0.0,0.18680591221562173
State Name,False,0.25,multiplicative,LinearDML,1.0762188736271192,0.5078026717999372
State Name,False,0.25,multiplicative,DML,0.24156923720413492,0.2787266850744287
State Name,False,0.25,multiplicative,CausalForestDML,0.4584128631591709,0.2864845357798167
State Name,False,0.25,multiplicative,DRLearner,0.6530217593700909,0.524016239123481
State Name,False,0.25,multiplicative,ForestDRLearner,0.6749544161203737,0.7037812118385637
State Name,False,0.25,multiplicative,XLearner,0.6622233031355034,0.22928948614887382
State Name,False,0.25,multiplicative,Causal Forest (R),0.3242315545013788,0.20227379053182698
State Name,False,0.25,multiplicative,My Estimator,0.4472516955921707,0.2622230608146431
State Name,False,0.25,multiplicative,MCNNM,0.0,0.2004262348407749
State Name,False,0.25,multiplicative,LinearDML,1.0804843194825202,0.45499005450618485
State Name,False,0.25,multiplicative,DML,0.20460155923556864,0.13327792705781893
State Name,False,0.25,multiplicative,CausalForestDML,0.5465124004564148,0.32884160423202236
State Name,False,0.25,multiplicative,DRLearner,175.24387292508524,254.98464182161723
State Name,False,0.25,multiplicative,ForestDRLearner,0.6775444758582835,0.4048387552303081
State Name,False,0.25,multiplicative,XLearner,0.5384232706726941,0.41224553139139697
State Name,False,0.25,multiplicative,Causal Forest (R),0.5392917671416176,0.32638956848435324
State Name,False,0.25,multiplicative,My Estimator,0.6118941034444929,0.30438857045161194
State Name,False,0.25,multiplicative,MCNNM,0.0,0.18344185757510686
State Name,False,0.25,multiplicative,LinearDML,0.6223411932469972,0.5528765885227691
State Name,False,0.25,multiplicative,DML,1.0,1.0
State Name,False,0.25,multiplicative,CausalForestDML,0.4430785925338781,0.24204384816253685
State Name,False,0.25,multiplicative,DRLearner,15855.160538008491,15171.4656146432
State Name,False,0.25,multiplicative,ForestDRLearner,2.750651993981645,2.944241248178813
State Name,False,0.25,multiplicative,XLearner,0.4107999054727712,0.40111676389096457
State Name,False,0.25,multiplicative,Causal Forest (R),0.5027832208488837,0.4253472640534402
State Name,True,0.5,additive,My Estimator,0.1215231771654667,0.10533393342247754
State Name,True,0.5,additive,MCNNM,0.0,0.16055605844419268
State Name,True,0.5,additive,LinearDML,0.2347093253596871,0.2347665574447331
State Name,True,0.5,additive,DML,0.13927040804989368,0.15867109705596713
State Name,True,0.5,additive,CausalForestDML,0.1792573668030755,0.1501693935422693
State Name,True,0.5,additive,DRLearner,1.1691888066241432,1.3637014626988941
State Name,True,0.5,additive,ForestDRLearner,0.4845965929821694,0.6649998359226872
State Name,True,0.5,additive,XLearner,0.14401591172766554,0.17377102244066042
State Name,True,0.5,additive,Causal Forest (R),0.25964783298673777,0.3170281329568781
State Name,True,0.5,additive,My Estimator,0.12238621389757513,0.10602322140263702
State Name,True,0.5,additive,MCNNM,0.0,0.16104615947511608
State Name,True,0.5,additive,LinearDML,0.320249024669925,0.323713104320304
State Name,True,0.5,additive,DML,0.17189501801047063,0.16930799619173528
State Name,True,0.5,additive,CausalForestDML,0.15192586937082908,0.11984036051210685
State Name,True,0.5,additive,DRLearner,1.2800972402302744,1.523646824769039
State Name,True,0.5,additive,ForestDRLearner,0.6217456192054577,0.9348038483810889
State Name,True,0.5,additive,XLearner,0.13858932637977942,0.15124109958568302
State Name,True,0.5,additive,Causal Forest (R),0.2436183139108556,0.3037103985923789
State Name,True,0.5,additive,My Estimator,0.12233400092210456,0.10597086246433149
State Name,True,0.5,additive,MCNNM,0.0,0.16102369693750848
State Name,True,0.5,additive,LinearDML,0.25756952743082134,0.29622510135315266
State Name,True,0.5,additive,DML,0.03468874413325438,0.04441645587886334
State Name,True,0.5,additive,CausalForestDML,0.2084666749088998,0.2187243550661086
State Name,True,0.5,additive,DRLearner,0.7925853619428972,0.955905211942681
State Name,True,0.5,additive,ForestDRLearner,0.40769419104322524,0.5406991809776144
State Name,True,0.5,additive,XLearner,0.14436184579829772,0.16648185556924983
State Name,True,0.5,additive,Causal Forest (R),0.25943942365732464,0.31382724320236866
State Name,True,0.5,additive,My Estimator,0.14944639135438573,0.18094715607255832
State Name,True,0.5,additive,MCNNM,0.0,0.15780053482868625
State Name,True,0.5,additive,LinearDML,0.17126614391717107,0.16152593522234898
State Name,True,0.5,additive,DML,0.1281606492303421,0.1426291171126396
State Name,True,0.5,additive,CausalForestDML,0.1410507835361909,0.14877713680724394
State Name,True,0.5,additive,DRLearner,1.0173275725058948,1.295915979437355
State Name,True,0.5,additive,ForestDRLearner,0.6226943122420208,0.8830647533994711
State Name,True,0.5,additive,XLearner,0.13218999522410546,0.17312136986674623
State Name,True,0.5,additive,Causal Forest (R),0.24275541463997655,0.3234753638513273
State Name,False,0.5,additive,My Estimator,0.031548797272944795,0.04241029012101963
State Name,False,0.5,additive,MCNNM,0.0,0.15617491536346895
State Name,False,0.5,additive,LinearDML,0.760499120415643,0.3838840995206809
State Name,False,0.5,additive,DML,0.7254478553216588,0.4825537565668897
State Name,False,0.5,additive,CausalForestDML,0.1787563269089998,0.1635401826108728
State Name,False,0.5,additive,DRLearner,0.33985755803914836,0.21012279477800916
State Name,False,0.5,additive,ForestDRLearner,0.24493755918481666,0.16190855953337902
State Name,False,0.5,additive,XLearner,0.2783941276746403,0.2318684046522612
State Name,False,0.5,additive,Causal Forest (R),0.11540435841941336,0.10882403611993355
State Name,False,0.5,additive,My Estimator,0.3658884295901139,0.2253638736877242
State Name,False,0.5,additive,MCNNM,0.0,0.22062312324780461
State Name,False,0.5,additive,LinearDML,0.4647429626978201,0.38841262392769477
State Name,False,0.5,additive,DML,0.4082338609053245,0.34031633267814787
State Name,False,0.5,additive,CausalForestDML,0.2682862526524715,0.18632967624528557
State Name,False,0.5,additive,DRLearner,0.6686959534558478,0.5644713219986848
State Name,False,0.5,additive,ForestDRLearner,0.30808855096109,0.25724473823933897
State Name,False,0.5,additive,XLearner,0.2734080179327283,0.2711627845971705
State Name,False,0.5,additive,Causal Forest (R),0.24913750793768236,0.20845348705091202
State Name,False,0.5,additive,My Estimator,0.21187791012104082,0.1444662035053569
State Name,False,0.5,additive,MCNNM,0.0,0.20688113903932967
State Name,False,0.5,additive,LinearDML,0.5715966609317544,0.5685137244569113
State Name,False,0.5,additive,DML,0.30447729804955737,0.414659563192313
State Name,False,0.5,additive,CausalForestDML,0.4452653265260011,0.4312084650662643
State Name,False,0.5,additive,DRLearner,1.308594733995196,1.66682625547368
State Name,False,0.5,additive,ForestDRLearner,0.27082985706651463,0.43050777221137426
State Name,False,0.5,additive,XLearner,0.24881404302094304,0.32122641474743907
State Name,False,0.5,additive,Causal Forest (R),0.18798077489701373,0.2307750169136589
State Name,False,0.5,additive,My Estimator,0.26315551594132375,0.14181885425897872
State Name,False,0.5,additive,MCNNM,0.0,0.256243380265988
State Name,False,0.5,additive,LinearDML,0.6683335667374813,0.3672602988503071
State Name,False,0.5,additive,DML,0.4989878449390765,0.473132769451817
State Name,False,0.5,additive,CausalForestDML,0.4396246128910944,0.4742822359319594
State Name,False,0.5,additive,DRLearner,0.670075522769273,0.5921062806064514
State Name,False,0.5,additive,ForestDRLearner,0.4462094947267482,0.4530239760512118
State Name,False,0.5,additive,XLearner,0.42055438880743695,0.4425263631585723
State Name,False,0.5,additive,Causal Forest (R),0.2800630899336684,0.18510411828638784
State Name,True,0.5,multiplicative,My Estimator,0.25902021860506363,0.17226570417459322
State Name,True,0.5,multiplicative,MCNNM,0.0,0.1501581403346544
State Name,True,0.5,multiplicative,LinearDML,0.16925023721778623,0.16233921520574734
State Name,True,0.5,multiplicative,DML,0.21399869565748306,0.19109757309289352
State Name,True,0.5,multiplicative,CausalForestDML,0.20630218720831003,0.16768701759857274
State Name,True,0.5,multiplicative,DRLearner,4.605565296236002,5.243710048664775
State Name,True,0.5,multiplicative,ForestDRLearner,0.43604897816464894,0.6253318724742087
State Name,True,0.5,multiplicative,XLearner,0.1629828619401316,0.15280660410187125
State Name,True,0.5,multiplicative,Causal Forest (R),0.30902499464320843,0.39189751227727593
State Name,True,0.5,multiplicative,My Estimator,0.22370709825816817,0.17442031023589735
State Name,True,0.5,multiplicative,MCNNM,0.0,0.18285036575055677
State Name,True,0.5,multiplicative,LinearDML,0.3080161589592542,0.37728849189636543
State Name,True,0.5,multiplicative,DML,0.24218227041810017,0.28568435065564274
State Name,True,0.5,multiplicative,CausalForestDML,0.14785394383940964,0.17711690208925898
State Name,True,0.5,multiplicative,DRLearner,0.9757487431521423,1.2906467517378837
State Name,True,0.5,multiplicative,ForestDRLearner,0.2723094067237897,0.29419193696960605
State Name,True,0.5,multiplicative,XLearner,0.1845031487507501,0.21545475338643325
State Name,True,0.5,multiplicative,Causal Forest (R),0.3285996623230136,0.36127521289755316
State Name,True,0.5,multiplicative,My Estimator,0.3313032223313655,0.2577650435643739
State Name,True,0.5,multiplicative,MCNNM,0.0,0.13165909154967909
State Name,True,0.5,multiplicative,LinearDML,0.35684612347134764,0.3238050266994302
State Name,True,0.5,multiplicative,DML,0.34306363219239167,0.3101195078608226
State Name,True,0.5,multiplicative,CausalForestDML,0.37817633620668006,0.2679737711786065
State Name,True,0.5,multiplicative,DRLearner,4.857525298212438,4.4289435504609616
State Name,True,0.5,multiplicative,ForestDRLearner,0.9165175560095609,1.1439356215627658
State Name,True,0.5,multiplicative,XLearner,0.18535172112345655,0.1612583036177018
State Name,True,0.5,multiplicative,Causal Forest (R),0.42065291882697936,0.5536061325043237
State Name,True,0.5,multiplicative,My Estimator,0.2421292886741979,0.24347165494210204
State Name,True,0.5,multiplicative,MCNNM,0.0,0.1553066910776179
State Name,True,0.5,multiplicative,LinearDML,0.18207668684843725,0.2153564198196322
State Name,True,0.5,multiplicative,DML,0.15476524368051045,0.16651116827631982
State Name,True,0.5,multiplicative,CausalForestDML,0.14484599826370906,0.1263534887027667
State Name,True,0.5,multiplicative,DRLearner,6.862490137213847,8.126421556073257
State Name,True,0.5,multiplicative,ForestDRLearner,0.33060868804761895,0.45898750717489173
State Name,True,0.5,multiplicative,XLearner,0.1552262781453784,0.17393454865855967
State Name,True,0.5,multiplicative,Causal Forest (R),0.2957429518852249,0.360007355751435
State Name,False,0.5,multiplicative,My Estimator,0.4509609593074755,0.2426577530005323
State Name,False,0.5,multiplicative,MCNNM,0.0,0.4187563754094019
State Name,False,0.5,multiplicative,LinearDML,0.9051613395354393,1.1267433232716508
State Name,False,0.5,multiplicative,DML,0.5999853783330014,0.5179920735284639
State Name,False,0.5,multiplicative,CausalForestDML,0.4423684534318883,0.2806688095606489
State Name,False,0.5,multiplicative,DRLearner,0.8053752957259729,0.6916217907728056
State Name,False,0.5,multiplicative,ForestDRLearner,0.7287738167187888,0.5358389667517081
State Name,False,0.5,multiplicative,XLearner,0.5601806918391047,0.6111397826518181
State Name,False,0.5,multiplicative,Causal Forest (R),0.47925450622224186,0.5965492150943877
State Name,False,0.5,multiplicative,My Estimator,0.4669788098028899,0.3776383481701299
State Name,False,0.5,multiplicative,MCNNM,0.0,0.3529728478863907
State Name,False,0.5,multiplicative,LinearDML,0.3783107340340567,0.2511132034553911
State Name,False,0.5,multiplicative,DML,0.48676088147612934,0.5119430919017782
State Name,False,0.5,multiplicative,CausalForestDML,0.2879954522707627,0.2728139124856387
State Name,False,0.5,multiplicative,DRLearner,0.8316378736517251,0.7979078897809261
State Name,False,0.5,multiplicative,ForestDRLearner,0.714982791338907,0.569199800837376
State Name,False,0.5,multiplicative,XLearner,0.4155982506645092,0.46740755628010733
State Name,False,0.5,multiplicative,Causal Forest (R),0.6734497261010902,0.6421368629779586
State Name,False,0.5,multiplicative,My Estimator,0.08674079016053718,0.08255551613882392
State Name,False,0.5,multiplicative,MCNNM,0.0,0.21379830250466977
State Name,False,0.5,multiplicative,LinearDML,0.6808380336230923,0.3669461602488775
State Name,False,0.5,multiplicative,DML,0.24354713022451516,0.21566004315863513
State Name,False,0.5,multiplicative,CausalForestDML,0.1997995681511115,0.11469305454211151
State Name,False,0.5,multiplicative,DRLearner,147.9045035275593,126.87810194788264
State Name,False,0.5,multiplicative,ForestDRLearner,0.17426173436596382,0.1781046933624979
State Name,False,0.5,multiplicative,XLearner,0.3539232802918046,0.23387341350747287
State Name,False,0.5,multiplicative,Causal Forest (R),0.2183628155398211,0.15841220565516673
State Name,False,0.5,multiplicative,My Estimator,0.09251530235424375,0.06490133585750664
State Name,False,0.5,multiplicative,MCNNM,0.0,0.2442068335540668
State Name,False,0.5,multiplicative,LinearDML,1.113751612258271,0.7165836493555257
State Name,False,0.5,multiplicative,DML,0.40311304239771767,0.3690838043354781
State Name,False,0.5,multiplicative,CausalForestDML,0.29525962340692996,0.2580442187643018
State Name,False,0.5,multiplicative,DRLearner,0.436242480417499,0.40948059586650026
State Name,False,0.5,multiplicative,ForestDRLearner,0.533476400722716,0.6079551494848011
State Name,False,0.5,multiplicative,XLearner,0.29580589045737266,0.26851432191452557
State Name,False,0.5,multiplicative,Causal Forest (R),0.3579025368109461,0.28457591654699593
State Name,True,0.75,additive,My Estimator,0.09151819316113634,0.1017712720660348
State Name,True,0.75,additive,MCNNM,0.0,0.21240020457521872
State Name,True,0.75,additive,LinearDML,0.1734437992292201,0.17450793750060745
State Name,True,0.75,additive,DML,0.1543658910485204,0.17718920209317318
State Name,True,0.75,additive,CausalForestDML,0.1234491568930759,0.13603563175955674
State Name,True,0.75,additive,DRLearner,2.542989288953253,3.0581807768163816
State Name,True,0.75,additive,ForestDRLearner,0.46780841668777096,0.6293934881265937
State Name,True,0.75,additive,XLearner,0.12559759661270134,0.14000098677058193
State Name,True,0.75,additive,Causal Forest (R),0.2150644577551506,0.23889792938560653
State Name,True,0.75,additive,My Estimator,0.1409989022640831,0.16574493934809273
State Name,True,0.75,additive,MCNNM,0.0,0.20762243295242155
State Name,True,0.75,additive,LinearDML,0.19604981246585565,0.19565815824508434
State Name,True,0.75,additive,DML,0.005998096446520202,0.007924851842481817
State Name,True,0.75,additive,CausalForestDML,0.17064836940074254,0.21135373477364694
State Name,True,0.75,additive,DRLearner,37.229256492108874,44.459511056187964
State Name,True,0.75,additive,ForestDRLearner,0.18920383962142218,0.2282560032261256
State Name,True,0.75,additive,XLearner,0.1250733530793629,0.1536161372102978
State Name,True,0.75,additive,Causal Forest (R),0.18036310045534978,0.21848322964176664
State Name,True,0.75,additive,My Estimator,0.04635263901174146,0.042753308778820685
State Name,True,0.75,additive,MCNNM,0.0,0.16164426111304694
State Name,True,0.75,additive,LinearDML,0.2187521428442764,0.17147026068059293
State Name,True,0.75,additive,DML,0.1577992204912341,0.14433554965654002
State Name,True,0.75,additive,CausalForestDML,0.10994307912688492,0.09643964899923238
State Name,True,0.75,additive,DRLearner,0.3463971917903482,0.31660723522227685
State Name,True,0.75,additive,ForestDRLearner,0.13985079099295816,0.14125128152146665
State Name,True,0.75,additive,XLearner,0.131035088566145,0.13329882165794946
State Name,True,0.75,additive,Causal Forest (R),0.1471782979424017,0.1219151800383104
State Name,True,0.75,additive,My Estimator,0.04666105586291153,0.04300333244504327
State Name,True,0.75,additive,MCNNM,0.0,0.1615175681848816
State Name,True,0.75,additive,LinearDML,0.20156219853207086,0.17695454442100958
State Name,True,0.75,additive,DML,0.16602975433591674,0.17442383098898948
State Name,True,0.75,additive,CausalForestDML,0.12316410317878043,0.11061276587165773
State Name,True,0.75,additive,DRLearner,3.0505164125461635,2.887922795725811
State Name,True,0.75,additive,ForestDRLearner,0.25129697721946975,0.25382184750797565
State Name,True,0.75,additive,XLearner,0.1255842707417587,0.13143484497615987
State Name,True,0.75,additive,Causal Forest (R),0.14519533765536605,0.11830576192440387
State Name,False,0.75,additive,My Estimator,0.0036077229465409843,0.003052853464893412
State Name,False,0.75,additive,MCNNM,0.0,0.19367421742727442
State Name,False,0.75,additive,LinearDML,0.4458667937219299,0.2761704208188237
State Name,False,0.75,additive,DML,0.5005735815413828,0.4663831815924798
State Name,False,0.75,additive,CausalForestDML,0.16201328251294414,0.1492615752225767
State Name,False,0.75,additive,DRLearner,0.3596285685012774,0.3416837885955989
State Name,False,0.75,additive,ForestDRLearner,0.14543553816619856,0.13837768793823274
State Name,False,0.75,additive,XLearner,0.19383104552913782,0.2269209731518021
State Name,False,0.75,additive,Causal Forest (R),0.11976533509476181,0.1193736860031486
State Name,False,0.75,additive,My Estimator,0.15575076317332787,0.12634963756067602
State Name,False,0.75,additive,MCNNM,0.0,0.195338059137444
State Name,False,0.75,additive,LinearDML,0.3266900533500123,0.2616264114554539
State Name,False,0.75,additive,DML,0.1184894935112949,0.12586414185323685
State Name,False,0.75,additive,CausalForestDML,0.24373433193823288,0.19683142129560893
State Name,False,0.75,additive,DRLearner,0.5857857218570613,0.4276675134936447
State Name,False,0.75,additive,ForestDRLearner,0.396576866486295,0.3852687479903109
State Name,False,0.75,additive,XLearner,0.25632336109826465,0.2998410973309116
State Name,False,0.75,additive,Causal Forest (R),0.2039116296225655,0.15042714706895333
State Name,False,0.75,additive,My Estimator,0.06991706559655855,0.05854521990169529
State Name,False,0.75,additive,MCNNM,0.0,0.20594650666852427
State Name,False,0.75,additive,LinearDML,0.30999737079563827,0.241764874386263
State Name,False,0.75,additive,DML,0.3034961128503963,0.25835131837441905
State Name,False,0.75,additive,CausalForestDML,0.20060389023575165,0.16343287461467776
State Name,False,0.75,additive,DRLearner,0.31815626697298544,0.24792099650397972
State Name,False,0.75,additive,ForestDRLearner,0.1820538676557847,0.1729436030097323
State Name,False,0.75,additive,XLearner,0.26877189919139616,0.17933551131502012
State Name,False,0.75,additive,Causal Forest (R),0.23993845399094788,0.1904744160113513
State Name,False,0.75,additive,My Estimator,0.047249690581040074,0.06289804399520617
State Name,False,0.75,additive,MCNNM,0.0,0.29637249474731353
State Name,False,0.75,additive,LinearDML,0.4209469876709722,0.5065068611941319
State Name,False,0.75,additive,DML,0.3580425805893669,0.3722620704006322
State Name,False,0.75,additive,CausalForestDML,0.189580954457363,0.20301473852453153
State Name,False,0.75,additive,DRLearner,0.36899251854504045,0.4326086991097652
State Name,False,0.75,additive,ForestDRLearner,0.25413100472478595,0.31024687725419703
State Name,False,0.75,additive,XLearner,0.269987744934039,0.23409922662020982
State Name,False,0.75,additive,Causal Forest (R),0.17624548193211695,0.2045886698418975
State Name,True,0.75,multiplicative,My Estimator,0.1024161988854091,0.11109149329595863
State Name,True,0.75,multiplicative,MCNNM,0.0,0.21341470902332582
State Name,True,0.75,multiplicative,LinearDML,0.2235318719908505,0.21636376295743498
State Name,True,0.75,multiplicative,DML,0.12972520050473832,0.12374798190036487
State Name,True,0.75,multiplicative,CausalForestDML,0.09530572967703939,0.10525611167630052
State Name,True,0.75,multiplicative,DRLearner,1.1116171430736632,1.3042741485152074
State Name,True,0.75,multiplicative,ForestDRLearner,0.260499746831138,0.34777180781269157
State Name,True,0.75,multiplicative,XLearner,0.1335409544392468,0.13786925887505055
State Name,True,0.75,multiplicative,Causal Forest (R),0.2207214918834836,0.24183132496545723
State Name,True,0.75,multiplicative,My Estimator,0.17694135198889635,0.1573899635215515
State Name,True,0.75,multiplicative,MCNNM,0.0,0.20361028154074004
State Name,True,0.75,multiplicative,LinearDML,0.2450280575277587,0.26700913440616
State Name,True,0.75,multiplicative,DML,0.20657968261225884,0.23950775157267254
State Name,True,0.75,multiplicative,CausalForestDML,0.13232137947830377,0.14826850893850246
State Name,True,0.75,multiplicative,DRLearner,0.41590238837593124,0.47422324202148697
State Name,True,0.75,multiplicative,ForestDRLearner,0.1714268116966265,0.1977401621601846
State Name,True,0.75,multiplicative,XLearner,0.1515692746339776,0.1772418872162394
State Name,True,0.75,multiplicative,Causal Forest (R),0.21359931786813646,0.23610446031454888
State Name,True,0.75,multiplicative,My Estimator,0.14106939888981415,0.142791619328658
State Name,True,0.75,multiplicative,MCNNM,0.0,0.18282101202080814
State Name,True,0.75,multiplicative,LinearDML,0.3395829207652132,0.3188688522791255
State Name,True,0.75,multiplicative,DML,0.36595791255289506,0.3582165053077332
State Name,True,0.75,multiplicative,CausalForestDML,0.22072928540002018,0.2348903826546002
State Name,True,0.75,multiplicative,DRLearner,2.5278517799887816,2.9104124941540737
State Name,True,0.75,multiplicative,ForestDRLearner,0.19691038964940685,0.17473740175460137
State Name,True,0.75,multiplicative,XLearner,0.14089523412788776,0.1422467613263154
State Name,True,0.75,multiplicative,Causal Forest (R),0.26397172175511185,0.2937509923912298
State Name,True,0.75,multiplicative,My Estimator,0.11487189155526684,0.11526175389858566
State Name,True,0.75,multiplicative,MCNNM,0.0,0.15432683383810028
State Name,True,0.75,multiplicative,LinearDML,0.19576570937221652,0.16346083712531892
State Name,True,0.75,multiplicative,DML,0.25969862353868145,0.2740551657254142
State Name,True,0.75,multiplicative,CausalForestDML,0.16555204477606233,0.17001063163932267
State Name,True,0.75,multiplicative,DRLearner,0.5452749458593726,0.5351087408001777
State Name,True,0.75,multiplicative,ForestDRLearner,0.13803860616988015,0.1346325028009465
State Name,True,0.75,multiplicative,XLearner,0.1270897513853264,0.1314286365183318
State Name,True,0.75,multiplicative,Causal Forest (R),0.16413216708087672,0.14965011168809583
State Name,False,0.75,multiplicative,My Estimator,0.48476790892162075,0.23719069515267133
State Name,False,0.75,multiplicative,MCNNM,0.0,0.24519699395509173
State Name,False,0.75,multiplicative,LinearDML,0.42770573197784206,0.3990751792417997
State Name,False,0.75,multiplicative,DML,0.5585658561541863,0.5848652194771382
State Name,False,0.75,multiplicative,CausalForestDML,0.3239349315911478,0.23171153212869813
State Name,False,0.75,multiplicative,DRLearner,1.0788070354152561,1.0415481855463091
State Name,False,0.75,multiplicative,ForestDRLearner,0.4269356499342766,0.4060721385738727
State Name,False,0.75,multiplicative,XLearner,0.22849446381513086,0.22598277452516202
State Name,False,0.75,multiplicative,Causal Forest (R),0.3674656139432008,0.29882892762799484
State Name,False,0.75,multiplicative,My Estimator,0.05512444473437799,0.05704227505502921
State Name,False,0.75,multiplicative,MCNNM,0.0,0.32046647255351485
State Name,False,0.75,multiplicative,LinearDML,0.42253956522973574,0.3885370362812559
State Name,False,0.75,multiplicative,DML,0.37084439614536696,0.31359574484547303
State Name,False,0.75,multiplicative,CausalForestDML,0.18614058973402872,0.19614661472092523
State Name,False,0.75,multiplicative,DRLearner,0.2724031183232475,0.2481875775311665
State Name,False,0.75,multiplicative,ForestDRLearner,0.15868112891434633,0.15803177738334168
State Name,False,0.75,multiplicative,XLearner,0.27887076187918064,0.29179771242714203
State Name,False,0.75,multiplicative,Causal Forest (R),0.13883004346904912,0.170298893665669
State Name,False,0.75,multiplicative,My Estimator,0.27603760045739006,0.28645371699557476
State Name,False,0.75,multiplicative,MCNNM,0.0,0.21382675146605298
State Name,False,0.75,multiplicative,LinearDML,0.452394859407825,0.3373873489162902
State Name,False,0.75,multiplicative,DML,0.35863952937378984,0.37461828197393177
State Name,False,0.75,multiplicative,CausalForestDML,0.42495957997793105,0.30664412934616403
State Name,False,0.75,multiplicative,DRLearner,0.5117624906082711,0.34795934480063123
State Name,False,0.75,multiplicative,ForestDRLearner,0.3952585080851833,0.26939254391305406
State Name,False,0.75,multiplicative,XLearner,0.2718434159535543,0.20627602049105206
State Name,False,0.75,multiplicative,Causal Forest (R),0.3089868031815214,0.214391647282702
State Name,False,0.75,multiplicative,My Estimator,0.15196138511781906,0.16234815922902338
State Name,False,0.75,multiplicative,MCNNM,0.0,0.2340142178813512
State Name,False,0.75,multiplicative,LinearDML,0.49993094105234354,0.49481537544187304
State Name,False,0.75,multiplicative,DML,0.026245707963425572,0.03125550789579572
State Name,False,0.75,multiplicative,CausalForestDML,0.25226972331569275,0.2950765433860037
State Name,False,0.75,multiplicative,DRLearner,0.5509472273589346,0.5680979505332074
State Name,False,0.75,multiplicative,ForestDRLearner,0.34308045752294103,0.35306012673305986
State Name,False,0.75,multiplicative,XLearner,0.2545058754551987,0.2596643555579292
State Name,False,0.75,multiplicative,Causal Forest (R),0.13769181919430162,0.17418961340122374
State Name,True,1.0,additive,My Estimator,0.08499368226934056,0.09153443759217092
State Name,True,1.0,additive,MCNNM,0.0,0.19461631197709303
State Name,True,1.0,additive,LinearDML,0.1562319740865657,0.16190800323659538
State Name,True,1.0,additive,DML,0.15334945355458154,0.1533629152350536
State Name,True,1.0,additive,CausalForestDML,0.1036853745851555,0.10551336051239685
State Name,True,1.0,additive,DRLearner,4.312603228838942,4.75162775760477
State Name,True,1.0,additive,ForestDRLearner,0.4152113870554505,0.48047546143172637
State Name,True,1.0,additive,XLearner,0.1333140749033233,0.12731519979658437
State Name,True,1.0,additive,Causal Forest (R),0.12769106358353197,0.13509650487130576
State Name,True,1.0,additive,My Estimator,0.09451278456273755,0.09764133605608137
State Name,True,1.0,additive,MCNNM,0.0,0.19393767681842505
State Name,True,1.0,additive,LinearDML,0.16223796633111456,0.17084750349236824
State Name,True,1.0,additive,DML,0.06640981580809366,0.06947252646073769
State Name,True,1.0,additive,CausalForestDML,0.0960873730108192,0.09816686588232251
State Name,True,1.0,additive,DRLearner,5.848668039299258,6.507904392474776
State Name,True,1.0,additive,ForestDRLearner,0.1364327663137663,0.1402308616735578
State Name,True,1.0,additive,XLearner,0.13268268127146005,0.12746429040164373
State Name,True,1.0,additive,Causal Forest (R),0.12764999804952828,0.13481180380107657
State Name,True,1.0,additive,My Estimator,0.10163656254489194,0.11135382252268283
State Name,True,1.0,additive,MCNNM,0.0,0.1934919586117888
State Name,True,1.0,additive,LinearDML,0.16387925322858915,0.16874378782004487
State Name,True,1.0,additive,DML,0.1742863656578228,0.17951289065369613
State Name,True,1.0,additive,CausalForestDML,0.11658824910893922,0.1136367917366491
State Name,True,1.0,additive,DRLearner,0.20910493914730705,0.24560049074106619
State Name,True,1.0,additive,ForestDRLearner,0.18427505650485995,0.20920934401111646
State Name,True,1.0,additive,XLearner,0.1314319270198652,0.13120042185728858
State Name,True,1.0,additive,Causal Forest (R),0.11948517009430343,0.12326946320153867
State Name,True,1.0,additive,My Estimator,0.09145846091281644,0.09445706255381849
State Name,True,1.0,additive,MCNNM,0.0,0.19869363458778824
State Name,True,1.0,additive,LinearDML,0.1568991283557678,0.17194557248161105
State Name,True,1.0,additive,DML,0.13549046157300462,0.14478756945015242
State Name,True,1.0,additive,CausalForestDML,0.12970866779373116,0.1418064704030809
State Name,True,1.0,additive,DRLearner,0.27275886735336435,0.29955709915105605
State Name,True,1.0,additive,ForestDRLearner,0.8314809664605493,1.0368732541643864
State Name,True,1.0,additive,XLearner,0.13307121150763435,0.12412648319688122
State Name,True,1.0,additive,Causal Forest (R),0.13081718565777764,0.14783277932480698
State Name,False,1.0,additive,My Estimator,0.1524729982504647,0.16266786969284183
State Name,False,1.0,additive,MCNNM,0.0,0.23227259565833408
State Name,False,1.0,additive,LinearDML,0.2646822830434064,0.277007640497585
State Name,False,1.0,additive,DML,0.14532179552300656,0.14575419751749913
State Name,False,1.0,additive,CausalForestDML,0.2964095495969212,0.30338192882108694
State Name,False,1.0,additive,DRLearner,0.3976487945873404,0.3536945011785254
State Name,False,1.0,additive,ForestDRLearner,0.2610963469247499,0.23017676340134216
State Name,False,1.0,additive,XLearner,0.19637736765607916,0.18836280132852726
State Name,False,1.0,additive,Causal Forest (R),0.25682585601478014,0.26345364691970263
State Name,False,1.0,additive,My Estimator,0.2616567521503637,0.25687756802261347
State Name,False,1.0,additive,MCNNM,0.0,0.6472798364488487
State Name,False,1.0,additive,LinearDML,0.377028300009371,0.3780867818523999
State Name,False,1.0,additive,DML,0.3371288509461654,0.34283640393279546
State Name,False,1.0,additive,CausalForestDML,0.26480627653301536,0.25256473916634714
State Name,False,1.0,additive,DRLearner,0.3063963529128542,0.3395825263785312
State Name,False,1.0,additive,ForestDRLearner,0.2526526828792267,0.2560349465807042
State Name,False,1.0,additive,XLearner,0.28538797800231,0.2782985704286648
State Name,False,1.0,additive,Causal Forest (R),0.381475216404873,0.36491866778553156
State Name,False,1.0,additive,My Estimator,0.1966041933386675,0.18595783958539716
State Name,False,1.0,additive,MCNNM,0.0,0.42574303154977733
State Name,False,1.0,additive,LinearDML,0.2200199160732446,0.21628385518367907
State Name,False,1.0,additive,DML,0.1998594833615605,0.20333207999973651
State Name,False,1.0,additive,CausalForestDML,0.2972068174175616,0.30749729432259176
State Name,False,1.0,additive,DRLearner,1.0181621534819119,0.9652369616160581
State Name,False,1.0,additive,ForestDRLearner,0.290695925904048,0.29532517445420786
State Name,False,1.0,additive,XLearner,0.20147858940283617,0.1888451066659942
State Name,False,1.0,additive,Causal Forest (R),0.27478464022084437,0.30247387802613457
State Name,False,1.0,additive,My Estimator,0.10230390995360043,0.09844157863771522
State Name,False,1.0,additive,MCNNM,0.0,0.19997607892384414
State Name,False,1.0,additive,LinearDML,0.24674633222342307,0.20574791851156118
State Name,False,1.0,additive,DML,0.23906677252134811,0.23004085926689677
State Name,False,1.0,additive,CausalForestDML,0.17308190703088203,0.18662696431397047
State Name,False,1.0,additive,DRLearner,0.2215794365885908,0.1674896753671653
State Name,False,1.0,additive,ForestDRLearner,0.17632665667801134,0.15898508002665176
State Name,False,1.0,additive,XLearner,0.2262632850299954,0.2112813024912685
State Name,False,1.0,additive,Causal Forest (R),0.19794393896466778,0.20527422393090947
State Name,True,1.0,multiplicative,My Estimator,0.028306408127646565,0.028951434665073144
State Name,True,1.0,multiplicative,MCNNM,0.0,0.1851900453580629
State Name,True,1.0,multiplicative,LinearDML,0.17059839575400185,0.1697952806387019
State Name,True,1.0,multiplicative,DML,0.41228501983374827,0.41732756477623467
State Name,True,1.0,multiplicative,CausalForestDML,0.07753469765637767,0.0746912515200502
State Name,True,1.0,multiplicative,DRLearner,0.9671231196237048,1.0114561083162963
State Name,True,1.0,multiplicative,ForestDRLearner,0.07495734088244951,0.07602980616403904
State Name,True,1.0,multiplicative,XLearner,0.12004775536768418,0.12491775963461581
State Name,True,1.0,multiplicative,Causal Forest (R),0.0629757332856237,0.06065383511605651
State Name,True,1.0,multiplicative,My Estimator,0.13015221874341287,0.11791609358018212
State Name,True,1.0,multiplicative,MCNNM,0.0,0.19038954899806484
State Name,True,1.0,multiplicative,LinearDML,0.21806083513574168,0.23050962725811236
State Name,True,1.0,multiplicative,DML,0.19159031139183993,0.1841355779653941
State Name,True,1.0,multiplicative,CausalForestDML,0.15928835951097378,0.17312100330959765
State Name,True,1.0,multiplicative,DRLearner,0.3671605844673644,0.3928110105293656
State Name,True,1.0,multiplicative,ForestDRLearner,0.17435662096382118,0.1695254265451518
State Name,True,1.0,multiplicative,XLearner,0.14008435402358566,0.13388181953141098
State Name,True,1.0,multiplicative,Causal Forest (R),0.17029736113946578,0.1783374865740655
State Name,True,1.0,multiplicative,My Estimator,0.12102005550678474,0.12470208234490822
State Name,True,1.0,multiplicative,MCNNM,0.0,0.1933927253576621
State Name,True,1.0,multiplicative,LinearDML,0.3611104246522091,0.35405270532078037
State Name,True,1.0,multiplicative,DML,0.1405108463758917,0.14888291406001167
State Name,True,1.0,multiplicative,CausalForestDML,0.15376085972503178,0.15571395291664408
State Name,True,1.0,multiplicative,DRLearner,0.4535129340221253,0.5032259349285341
State Name,True,1.0,multiplicative,ForestDRLearner,0.23886906754544623,0.24825409217765806
State Name,True,1.0,multiplicative,XLearner,0.14211301822829744,0.1427407348304086
State Name,True,1.0,multiplicative,Causal Forest (R),0.12187023934337493,0.13086384535497878
State Name,True,1.0,multiplicative,My Estimator,0.08541902976341184,0.09193741959079434
State Name,True,1.0,multiplicative,MCNNM,0.0,0.19451141097056385
State Name,True,1.0,multiplicative,LinearDML,0.10055929697288946,0.10687814205479282
State Name,True,1.0,multiplicative,DML,0.03765038295613016,0.0382259811623108
State Name,True,1.0,multiplicative,CausalForestDML,0.11027183756174988,0.12116870764637805
State Name,True,1.0,multiplicative,DRLearner,0.42186422640501753,0.4778751432196384
State Name,True,1.0,multiplicative,ForestDRLearner,0.18178263907618195,0.19342095413339722
State Name,True,1.0,multiplicative,XLearner,0.1380077154826784,0.13707222192780022
State Name,True,1.0,multiplicative,Causal Forest (R),0.13250467316878214,0.14025972256951066
State Name,False,1.0,multiplicative,My Estimator,0.31776948610947936,0.295068894346851
State Name,False,1.0,multiplicative,MCNNM,0.0,0.6270787142232768
State Name,False,1.0,multiplicative,LinearDML,0.3248253170955581,0.3490645666197269
State Name,False,1.0,multiplicative,DML,0.3504963323273962,0.365359881983959
State Name,False,1.0,multiplicative,CausalForestDML,0.29541207257113206,0.2988718671088293
State Name,False,1.0,multiplicative,DRLearner,0.6138552654810835,0.6659372103773648
State Name,False,1.0,multiplicative,ForestDRLearner,0.3046788993993046,0.311827956898438
State Name,False,1.0,multiplicative,XLearner,0.27466561112255305,0.25426830213097523
State Name,False,1.0,multiplicative,Causal Forest (R),0.3083226975173643,0.2917246947573198
State Name,False,1.0,multiplicative,My Estimator,0.2820339444348483,0.25666756292394366
State Name,False,1.0,multiplicative,MCNNM,0.0,0.25991030026697504
State Name,False,1.0,multiplicative,LinearDML,0.5672522114764971,0.48439514740694833
State Name,False,1.0,multiplicative,DML,0.6206453111864051,0.5892243734574244
State Name,False,1.0,multiplicative,CausalForestDML,0.2246091366096769,0.25395367115101003
State Name,False,1.0,multiplicative,DRLearner,0.5412315162724806,0.5269722456715378
State Name,False,1.0,multiplicative,ForestDRLearner,0.3133323306082952,0.3383869538680126
State Name,False,1.0,multiplicative,XLearner,0.22660282463961728,0.2264649895553609
State Name,False,1.0,multiplicative,Causal Forest (R),0.151051275324387,0.1628818160417772
State Name,False,1.0,multiplicative,My Estimator,0.20358023628924532,0.1791779973519136
State Name,False,1.0,multiplicative,MCNNM,0.0,0.3547124519578892
State Name,False,1.0,multiplicative,LinearDML,0.2645127182364646,0.2783680063489538
State Name,False,1.0,multiplicative,DML,0.13997570764648357,0.15572883290250888
State Name,False,1.0,multiplicative,CausalForestDML,0.25404151990139007,0.2782143158878831
State Name,False,1.0,multiplicative,DRLearner,0.53439876840352,0.5260454323576291
State Name,False,1.0,multiplicative,ForestDRLearner,0.278331319275767,0.2693805201999827
State Name,False,1.0,multiplicative,XLearner,0.2088814378481107,0.1587499131701691
State Name,False,1.0,multiplicative,Causal Forest (R),0.16749476625091125,0.1686606300819194
State Name,False,1.0,multiplicative,My Estimator,0.3476758115882361,0.33822204472025513
State Name,False,1.0,multiplicative,MCNNM,0.0,0.19392664639668236
State Name,False,1.0,multiplicative,LinearDML,0.32730584486635456,0.3207363832506468
State Name,False,1.0,multiplicative,DML,0.41000351059586665,0.4479155174573074
State Name,False,1.0,multiplicative,CausalForestDML,0.37236392830172194,0.42549052784854596
State Name,False,1.0,multiplicative,DRLearner,0.7024746710190919,0.6584409778775902
State Name,False,1.0,multiplicative,ForestDRLearner,0.3393715643150716,0.3637036597483463
State Name,False,1.0,multiplicative,XLearner,0.32965612067458283,0.23143996587855822
State Name,False,1.0,multiplicative,Causal Forest (R),0.3068110743266946,0.34276311169868107
